url,label,category,source
https://www.google.com/search?q=cybersecurity,0,search_engine,tranco_legitimate
https://github.com/torvalds/linux,0,developer_portal,tranco_legitimate
https://stackoverflow.com/questions/tagged/python,0,developer_portal,tranco_legitimate
https://en.wikipedia.org/wiki/Computer_security,0,encyclopedia,tranco_legitimate
https://microsoft.com/en-us/windows,0,enterprise,tranco_legitimate
https://paypal.com/signin,0,fintech_banking,alexa_top
https://binance.com/en/markets,0,crypto_exchange,alexa_top
https://whatsapp.com/download,0,messaging,alexa_top
https://hbl.com/personal/banking,0,pakistan_banking,verified_bank
https://nayapay.com/features,0,pakistan_fintech,verified_fintech
https://easypaisa.com.pk/send-money,0,pakistan_fintech,verified_fintech
https://sadapay.pk/business,0,pakistan_fintech,verified_fintech
https://amazon.com/gp/bestsellers,0,ecommerce,alexa_top
https://netflix.com/browse,0,streaming,alexa_top
https://apple.com/iphone-16,0,consumer_tech,alexa_top
https://fastapi.tiangolo.com/tutorial/,0,documentation,developer_site
https://docs.python.org/3/,0,documentation,developer_site
https://chase.com/personal/credit-cards,0,fintech_banking,verified_bank
https://instagram.com/accounts/login/,0,social_media,alexa_top
https://facebook.com/recover/initiate,0,social_media,alexa_top
https://ubldigital.com/login,0,pakistan_banking,verified_bank
https://bankalfalah.com/personal-banking,0,pakistan_banking,verified_bank
https://meezanbank.com/internet-banking,0,pakistan_banking,verified_bank
https://standardchartered.com.pk,0,pakistan_banking,verified_bank
https://linkedin.com/in/security-researcher,0,social_media,alexa_top
https://twitter.com/explore,0,social_media,alexa_top
https://reddit.com/r/netsec,0,social_media,alexa_top
https://gitlab.com/explore,0,developer_portal,alexa_top
https://cloudflare.com/learning/security/,0,enterprise,alexa_top
https://nist.gov/cyberframework,0,government_standard,official_gov
https://paypa1-update.xyz/login-suspended,1,banking_lookalike,phishtank_feed
https://binance-kyc-verify.top/claim-reward,1,crypto_drainer,urlhaus_feed
https://whatsapp-security-update.click/verify-otp,1,social_impersonation,phishtank_feed
https://192.168.1.105/bank-auth/session,1,ip_phishing,threat_intel
https://hbl-online-banking-alert.xyz/renew,1,pakistan_banking_lookalike,threat_intel
https://easypa1sa-bonus.tk/login?user=admin,1,pakistan_fintech_lookalike,threat_intel
https://nayapaay-support.rest/verify-pin,1,pakistan_fintech_lookalike,threat_intel
https://appleid-security-unlock.cam/recover,1,account_takeover,phishtank_feed
https://google-drive-shared-files.zip/access,1,suspicious_tld,urlhaus_feed
https://crypto-wallet-connect-drainer.click/seed,1,crypto_drainer,urlhaus_feed
https://paypal-verify-billing-notice.top/account,1,banking_lookalike,phishtank_feed
https://chase-bank-alert-service.xyz/portal,1,banking_lookalike,phishtank_feed
https://microsoft-office365-login-verify.ml/signin,1,credential_harvesting,urlhaus_feed
https://secure-metamask-io.link/unlock,1,crypto_drainer,phishtank_feed
https://telegram-premium-gift.gq/claim-now,1,social_scam,urlhaus_feed
https://sadapaay-reward-claim.top/verify,1,pakistan_fintech_lookalike,threat_intel
https://meezan-ebank-secure.xyz/login,1,pakistan_banking_lookalike,threat_intel
https://instagram-copyright-infringement.click/appeal,1,social_impersonation,phishtank_feed
https://wellsfargo-security-update.info/signon,1,banking_lookalike,phishtank_feed
https://coinbase-account-unlock.rest/auth,1,crypto_drainer,urlhaus_feed
https://185.220.101.4/secure-login/session,1,ip_phishing,threat_intel
https://ubl-digital-kyc-update.xyz/login,1,pakistan_banking_lookalike,threat_intel
https://alfalah-online-reward.top/claim,1,pakistan_banking_lookalike,threat_intel
https://netflix-subscription-renew.cam/billing,1,credential_harvesting,urlhaus_feed
https://amazon-prime-delivery-issue.link/confirm,1,ecommerce_scam,phishtank_feed
https://facebook-account-disabled-appeal.rest/form,1,social_impersonation,phishtank_feed
https://tiktok-creator-fund-bonus.work/apply,1,social_scam,urlhaus_feed
https://discord-nitro-free-gift.click/claim,1,social_scam,urlhaus_feed
https://steam-community-trade-offer.gq/accept,1,gaming_scam,phishtank_feed
https://binance-airdrop-exclusive.site/connect,1,crypto_drainer,threat_intel
